ETUNIMI;YHTEENSÄ
Maria;179244
Anneli;119173
Helena;114022
Kaarina;98919
Johanna;93163
Marjatta;88244
Hannele;82909
Kristiina;70629
Annikki;59561
Tuulikki;59137
Emilia;53769
Liisa;48978
Elina;48317
Maarit;47285
Susanna;47008
Sofia;45744
Katariina;43594
Inkeri;41122
Kyllikki;38153
Sinikka;36015
Orvokki;33290
Tellervo;32509
Irmeli;28001
Karoliina;27237
Pauliina;26718
Elisabet;26384
Eveliina;21923
Irene;20840
Leena;20213
Katriina;19049
Marika;18791
Elisabeth;18531
Marketta;18343
Marjaana;18311
Tuulia;18300
Marita;18253
Marja;17814
Ilona;17268
Marianne;17037
Anna;16203
Anita;16143
Annika;16115
Mirjami;16104
Sisko;15853
Matilda;15824
Amanda;15423
Linnea;14653
Maaria;14482
Aurora;14375
Elisa;13543
Riitta;13536
Maija;13519
Aino;12958
Birgitta;12489
Olivia;12417
Aleksandra;11966
Julia;11631
Anniina;11069
Margareta;10708
Aulikki;10615
Hellevi;10477
Alexandra;10147
Kristina;9895
Päivikki;9675
Mirjam;9552
Mari;9222
Marjut;8977
Helinä;8515
Vilhelmiina;8495
Kaisa;8445
Helmi;8172
Maritta;8117
Esteri;7272
Iida;7144
Josefiina;6955
Ida;6734
Margit;6722
Hillevi;6701
Eliisa;6478
Alina;6434
Ellen;6218
Erika;6177
Marjukka;5887
Eeva;5786
Christina;5479
Onerva;5217
Marie;5164
Annukka;5149
Henriikka;5059
Sylvia;4817
Mikaela;4751
Terttu;4733
Anni;4711
Anna-Liisa;4695
Katri;4616
Alice;4579
Katarina;4498
Juulia;4474
Anne;4468
Ester;4368
Talvikki;4349
Aliisa;4303
Carita;4199
Viola;4060
Lyydia;4044
Heleena;3925
Tuula;3872
Susanne;3857
Riikka;3845
Isabella;3823
Elise;3746
Alisa;3667
Jasmin;3665
Anitta;3597
Päivi;3593
Maaret;3556
Satu;3548
Ingeborg;3496
Amalia;3478
Eerika;3371
Cecilia;3345
Lotta;3336
Laura;3255
Eliina;3191
Elviira;3125
Sanelma;3092
Kerttu;3078
Tuuli;3064
Wilhelmiina;2907
Charlotta;2905
Hanna;2898
Josefina;2819
Anja;2814
Martta;2766
Marianna;2752
Matleena;2749
Ritva;2733
Suvi;2653
Adele;2638
Elsa;2632
Sara;2613
Anelma;2596
Lilja;2547
Elli;2520
Camilla;2509
Eila;2507
Ella;2476
Heidi;2456
Ulla;2407
Iiris;2394
Aada;2359
Loviisa;2333
Linnéa;2330
Kirsti;2317
Marja-Liisa;2311
Helmiina;2293
Kirsi;2292
Emma;2284
Sirkka;2272
Lea;2262
Elena;2249
Unelma;2149
Marja-Leena;2141
Hilja;2092
Hilkka;2084
Margaretha;2078
Raakel;2064
Annele;2030
Saara;2017
Anette;2011
Regina;2001
Lahja;1966
Victoria;1955
Louise;1947
Roosa;1923
Aliina;1922
Astrid;1916
Mirja;1880
Minna;1860
Piritta;1851
Sini;1844
Irja;1834
Annina;1833
Marina;1802
Aune;1797
Aili;1779
Ulrika;1768
Pirkko;1768
Siiri;1736
Eva;1722
Karin;1717
Krista;1711
Sirpa;1702
Paula;1681
Inari;1680
Noora;1665
Lydia;1660
Irina;1653
Christine;1637
Siviä;1634
Hellin;1631
Teresa;1628
Kaija;1628
Tiina;1616
Ingrid;1606
Birgit;1582
Joanna;1565
Reetta;1564
Seija;1557
Sari;1550
Pirjo;1550
Heli;1528
Valpuri;1511
Vappu;1505
Jessica;1502
Karita;1499
Lumi;1490
Ada;1475
Eija;1457
Adalmiina;1456
Sanna;1449
Meri;1447
Carolina;1430
Jaana;1409
Karolina;1409
Linda;1409
Marleena;1373
Anastasia;1371
Rauha;1370
Henrietta;1368
Marjo;1365
Mariia;1361
Hilma;1354
Ingegerd;1353
Aila;1332
Jenny;1321
Wilhelmina;1312
Tarja;1311
Terhikki;1309
Viktoria;1290
Emmi;1289
Edith;1286
Gunilla;1284
Katja;1279
Isabel;1265
Monica;1254
Helvi;1249
Patricia;1248
Alma;1241
Miia;1234
Maire;1227
Pia;1226
Vuokko;1222
Kanerva;1221
Daniela;1221
Charlotte;1217
Raija;1211
Olga;1210
Jemina;1207
Hilda;1206
Helene;1203
Inka;1198
Maija-Liisa;1195
Janina;1195
Rebekka;1192
Rakel;1188
Rosa;1187
Merja;1178
Sofie;1171
Ursula;1164
Irma;1163
Jenni;1150
Arja;1149
Mariitta;1145
Iina;1142
Eleonoora;1132
Leila;1128
Minea;1119
Erica;1117
Milla;1079
Fredrika;1077
Iris;1053
Janika;1049
Eleonora;1046
Mia;1046
Natalia;1045
Magdalena;1040
Justiina;1025
Oona;1014
Mimosa;1011
Veera;1002
Monika;1001
Lempi;1000
Lovisa;999
Nina;999
Minttu;991
Milja;984
Beatrice;981
Tyyne;977
Riina;975
Elvira;974
Meeri;973
Henrika;973
Enni;971
Vilhelmina;970
Henna;961
Vellamo;954
Liina;951
Janette;948
Vieno;946
Jasmiina;943
Carina;936
Kirsikka;924
Sanni;919
Kaarin;918
Raili;915
Tiia;914
Mirella;912
Margareetta;909
Selina;906
Serafiina;905
Outi;902
Pirita;900
Nea;899
Teresia;898
Veronica;897
Lemmikki;895
Lilian;890
Solveig;888
Auroora;887
Sylvi;886
Fanny;885
Carola;883
Elizabeth;880
Agneta;877
Anna-Maria;871
Helen;863
Annette;859
Amelia;858
Janita;855
Margareeta;853
Kerttuli;852
Anu;851
Silja;851
Susan;851
Harriet;848
Lumia;846
Elvi;843
Martina;832
Maarika;831
Melissa;829
Aava;828
Petra;819
Lisa;818
Peppiina;812
Taimi;807
Jenna;804
Paulina;800
Edit;798
Venla;790
Jasmine;788
Tytti;780
Säde;778
Viivi;777
Reeta;775
Mohamed;768
Lyyli;767
Saimi;766
Adeliina;763
Dagmar;763
Aurelia;762
Vilma;760
Madeleine;759
Mariella;755
Soilikki;755
Taina;750
Mathilda;749
Melina;748
Eevi;742
Vanamo;733
Toini;729
Caroline;726
Vivian;726
Niina;724
Virpi;723
Vanessa;721
Piia;719
Asta;714
Kaisu;708
Alli;702
Yvonne;698
Saga;694
Juliaana;694
Airi;693
Kastehelmi;685
Annikka;684
Sonja;677
Tuija;675
Marlene;675
Amelie;673
Miranda;672
Evelina;671
Sirkku;667
Katrina;659
Aini;658
Iines;652
Benita;646
Mira;639
Serafia;627
Juliana;626
Ann-Mari;625
Michaela;624
Kati;620
Synnöve;619
Rebecca;616
Essi;615
Anna-Maija;614
Laila;614
Elin;612
Mervi;606
Inga;604
Tanja;601
Mailis;601
Armi;599
Miriam;591
Ireene;590
Fanni;580
Peppi;580
Elma;575
Aira;567
Minerva;565
Selma;561
Senja;557
Salme;556
Oili;555
Micaela;555
Eriika;552
Taru;537
Soile;536
Isla;535
Beata;535
Inger;535
Greta;529
Kukka-Maaria;529
Lucia;528
Saima;528
Sirkka-Liisa;527
Magdaleena;522
Sointu;522
Augusta;519
Sophie;519
Felicia;518
Terese;514
Eeva-Liisa;510
Auli;509
Natalie;507
Ann;507
Brita;506
Angelica;506
Aura;505
Hilla;504
Valentina;504
Sarita;503
Therese;503
Kukka;501
Marian;499
Leea;498
Terhi;492
Taika;490
Ottilia;490
Salla;490
Kaisla;488
Maiju;487
Gabriella;484
Annastiina;484
Josefin;482
Miina;478
Sophia;476
Catharina;476
Ahmed;473
Elmiina;473
Ellinoora;468
Helli;465
Maila;463
Lemmitty;462
Kristine;454
Veronika;454
Cristina;453
Silvia;452
Lilli;450
Kustaava;444
Eine;444
Laina;444
Ingegärd;443
Saana;442
Hanneli;440
Stiina;438
Nicole;436
Josefine;436
Aallotar;435
Antonia;434
Eira;432
Sabina;431
Sofi;431
Mariaana;430
Pilvi;429
Stina;428
Ulriikka;426
Sandra;424
Mariana;422
Julianna;421
Sohvi;419
Aina;418
Pinja;416
Mariel;414
Kiia;414
Alise;411
Iita;410
Jade;409
Signe;408
Vilja;408
Margaret;406
Emmiina;402
Merita;402
Bettina;401
Anne-Mari;400
Sigrid;400
Serafina;400
Helga;398
Hertta;398
Rose;397
Inga-Lill;396
Tuulevi;396
Catarina;396
Ava;391
Pihla;387
Heini;384
Aleksiina;383
Isabelle;382
Emelie;380
Hillervo;379
Jonna;378
Viveka;378
Janica;378
Agnes;377
Milena;377
Emilie;376
Marjanne;376
Diana;374
Claudia;374
Andrea;369
Else;368
Mielikki;368
Erin;368
Rosita;367
Elle;367
Liisi;366
Edla;364
Ainikki;364
Adelina;363
Helka;358
Jasmina;357
Lumikki;356
Petriina;354
Neea;354
Marikki;353
Marja-Terttu;352
Elna;352
Varpu;351
Ali;351
Lena;350
Nuppu;349
Jessika;348
Henriika;348
Michelle;346
Vera;345
Heljä;345
Angelina;344
Melinda;344
Nelli;342
Bertta;342
Ines;341
Nella;340
Anne-Marie;340
Gunvor;340
Alexsandra;334
Rauni;330
Abdi;329
Mary;328
Jeanette;326
Maj;325
Alicia;324
Adéle;321
Lisbeth;320
Ann-Marie;320
Maj-Lis;320
Ulriika;319
Ronja;319
Hellen;318
Salli;317
Nathalie;314
Rosanna;313
Erja;312
Susann;312
Armiida;311
Mariann;310
Kristin;309
Aamu;306
Tilda;306
Hildegard;303
Angelika;302
Valborg;301
Margetta;301
Angela;300
Mea;299
Nora;298
Eedit;296
Rebecka;296
Stella;295
Ramona;295
Soili;295
Eini;294
Impi;294
Desiree;290
Mai;288
Frida;286
Jenniina;286
Hedvig;285
Iisa;285
Aida;285
Lauriina;285
Hassan;284
Gunhild;284
Ruusu;283
Maj-Britt;283
Ilta;283
Tatjana;282
Eriikka;280
Elsi;279
Hellikki;278
Mirva;278
Katharina;278
Alissa;278
Teija;277
Ira;276
Hanne;274
Mona;274
Tea;273
Adelia;271
Henriette;271
Heta;269
Illusia;268
Hely;267
Jennifer;267
Mariela;267
Mimmi;266
Aniitta;266
Virve;266
Mette;264
Marit;262
Anne-Maria;261
Kielo;261
Annamari;261
Ilmi;261
Rita;261
Aija;258
Viveca;258
Emily;257
Ellinor;257
Fiona;257
Catherine;253
Mila;252
Karina;250
Petronella;249
Tamara;249
Larissa;249
Else-Maj;248
Marissa;247
Ragnhild;247
Anna-Leena;246
Valdine;246
Kerstin;246
Anna-Mari;245
Malviina;244
Anne-Maj;243
Saija;242
Pauline;241
Luna;241
Theresia;240
Suoma;239
Armida;239
Lilia;238
Caroliina;238
Klaudia;238
Marja-Riitta;236
Merituuli;236
Kreeta;236
Elea;236
May;236
Estelle;235
Ebba;234
Karelia;234
Ruth;234
Abdullahi;233
Tuovi;232
Alviina;232
Mirka;232
Theresa;232
Lumina;231
Gabriela;231
Emelia;230
Kia;230
Marietta;230
Isa;229
Josephine;229
Lenita;228
Margita;228
Sarianna;227
Adolfiina;227
Berit;224
Jane;223
Barbara;223
Desiré;223
Briitta;220
Salome;220
Eliisabet;219
Ida-Maria;219
Jannika;219
Annaliisa;219
Mariina;218
Adalmina;217
Livia;216
Pilvikki;216
Severiina;215
Odessa;214
Marica;213
Enna;213
Kamilla;212
Saaga;212
Ihanelma;212
Jelena;211
Hellä;211
My;209
Cassandra;209
Katrin;208
Ilmatar;207
Ann-Sofi;207
Carmen;206
Kreetta;206
Minja;204
Evelyn;204
Ingalill;203
Lina;203
Anna-Lisa;202
Milana;202
Hulda;201
Juuli;201
Lisbet;200
Saila;199
Wilma;198
Milka;198
Grace;197
Desirée;196
Christin;195
Gunnel;193
Netta;193
Ansa;193
Leona;192
Maya;192
Mari-Anne;192
Valma;192
Sarah;192
Pirjetta;189
Ina;189
Adina;188
Isabell;188
Marisa;187
Ulla-Maija;185
Jolanda;184
Eeva-Maria;183
Annabella;181
Ruut;181
Rosaliina;180
Alexia;180
Annie;179
Lillemor;178
Ann-Christine;178
Mercedes;178
Senni;177
Seliina;176
Bernice;175
Gertrud;174
Ann-Christin;173
Pernilla;173
Vadelma;173
Christel;172
Riia;172
Anastacia;172
Maisa;171
Estella;171
Siru;171
Sade;171
Unna;171
Doris;171
Jutta;170
Esther;170
Viliina;170
Evita;170
Sofianna;169
Ethel;169
Yasmin;168
Natasha;168
Tarleena;168
Svea;167
Verna;167
Matintytär;165
Marion;165
Barbro;164
Anitra;163
Ann-Charlotte;163
Filippa;162
Fiia;162
Iida-Maria;161
Britt;160
Annemari;160
Raisa;160
Titta;159
Viena;159
Sarianne;159
Annica;158
Jennika;158
Anna-Sofia;158
Meri-Tuuli;157
Ulrica;157
Maija-Leena;157
Esmeralda;156
Marie-Louise;156
Alva;155
Inna;154
Desire;154
Eufemia;154
Lila;154
Alessandra;153
Christa;153
Janniina;153
Markit;153
Janna;152
Valeria;151
Dolores;150
Virva;149
Tatjaana;149
Leonora;149
Gunborg;149
Simone;148
Eleanor;147
Nanna;147
Rose-Marie;146
Nelly;145
Antintytär;145
Britt-Marie;145
Ninni;145
Albertiina;145
Omar;145
Moona;145
Anna-Kaisa;144
Mohamud;144
Annamaria;144
Kaino;143
Hussein;142
Tia;141
Minnea;140
Alessia;140
Rosalia;139
Marjo-Riitta;138
Judith;138
Denise;138
Ellida;138
Katinka;137
Selena;137
Taija;137
Karola;137
Eivor;136
Ilse;136
Britta;136
Henni;135
Timontytär;135
Raakeli;134
Minni;134
Bella;134
Suvituuli;133
Tuire;131
Saini;130
Juhantytär;130
Meea;130
Sesilia;129
Sarlotta;129
Christiina;129
Sabrina;129
Kaneli;129
Nadja;129
Bettiina;129
Dorothea;128
Ann-Sofie;128
Juliet;128
Suometar;128
Marjetta;128
Mariette;127
Kastanja;127
Ingela;127
Riitta-Liisa;126
Lily;126
Virginia;126
Helén;126
Linn;126
Belinda;125
Kim;125
Lidia;125
Ibrahim;124
Elida;124
Ilma;124
Rea;123
Marttiina;123
Antoinette;123
Marinka;123
Lyydi;123
Martha;122
Åsa;122
Thuy;122
Mikontytär;122
Siri;122
Abdirahman;122
Ariel;122
Juliette;122
Nicola;122
Evelin;121
Marikka;121
Onneli;120
Antonina;120
Iréne;120
Pamela;119
Therése;119
Riika;119
Fredriika;119
Mariam;119
Melanie;119
Reija;119
Cesilia;119
Hanna-Maria;119
Maarita;118
Thu;118
Gunnevi;118
Elice;118
Irinja;117
Vilina;117
Fatima;116
Ann-Kristin;116
Suvi-Tuulia;116
Rachel;116
Katerina;116
Fransiina;115
Ruusa;115
Margarita;115
Annu;115
Joy;114
Francesca;114
Bianca;114
Stephanie;113
Isadora;113
Malin;113
Myy;113
Märta;113
Pirkko-Liisa;112
Elissa;112
Miisa;111
Anh;111
Lilly;111
Abdulkadir;111
Adriana;111
Pirkitta;111
Inga-Britt;110
Lyyti;110
Malena;110
Aniita;110
Annabel;110
Lisette;110
Kristel;109
Marilla;109
Rosalie;109
Emeliina;108
Samira;108
Ulpu;108
Raila;108
Eleanora;108
Heloisa;108
Aletta;108
Lee;108
Mari-Ann;108
Kirsi-Marja;108
Mahamed;107
Maari;107
Cornelia;106
Mareena;106
Li;106
Yusuf;106
Selja;106
Katrine;105
Eden;105
Eevastiina;105
Ria;105
Ann-Louise;105
Mohammed;104
Adessa;104
Kiira;104
Charlott;104
Thanh;104
Marija;103
Bea;103
Eufrosyne;103
Majlis;103
Emiilia;103
Liinu;102
Eelin;102
Ofelia;102
Usva;101
Merike;101
Heikintytär;101
Vivi;100
Albertina;100
Dorotea;100
Jemiina;100
Pipsa;100
Kaur;100
Maja;99
Julie;99
Clarissa;99
Pepita;99
Saskia;99
Marju;98
Hanna-Leena;98
Meri-Tuulia;98
Mirkka;98
Alvina;98
Fredriikka;97
Aurinko;97
Carin;97
Mei;97
Marlena;97
Seela;96
Sabine;96
Katherine;96
Xenia;96
Suvi-Tuuli;96
Jadessa;96
Marguerite;95
Siina;95
Ristiina;95
Eva-Maria;94
Lumikukka;94
Jatta;94
Katjaana;94
Lynn;94
Marjaleena;94
Phuong;94
Alfhild;94
Hildur;94
Celina;93
Eve;93
Naomi;92
Peppina;92
Lyylikki;92
Melisa;92
Emerentia;92
Elmi;91
Ainamo;91
Hjördis;91
Moonika;91
Nicolina;90
Judit;90
Mariita;90
Luisa;90
Selene;90
Akuliina;89
Ngoc;89
Evi;89
Selinda;89
Ottiilia;89
Jarintytär;89
Raita;88
Siv;88
Rosina;87
Merika;87
Unnukka;87
Hannuntytär;87
Vilmiina;86
Meimi;86
Evelia;86
Nur;86
Toivikki;86
Amina;86
Alida;86
Marlen;85
Linea;85
Jekaterina;85
Gerda;85
Marjanna;85
Margitta;85
Margot;85
Ilana;85
Mainikki;85
Eugenia;84
Sulevi;84
Maili;84
Clara;84
Tara;84
Rianna;84
Aino-Maria;84
Alexa;83
Aline;83
Annastina;83
Marielle;83
Estrid;83
Emilja;83
Hilppa;83
Annelie;83
Pirketta;83
Karintytär;83
Maj-Len;83
Leeni;82
Jasmiini;82
Rafaela;82
Margareth;82
Madelene;82
Louisa;82
Alinda;81
Laimi;81
Jukantytär;81
Annuli;81
Lillian;81
Anceliga;81
Danielle;81
Osman;80
Tekla;80
Serena;80
Mataleena;80
Anneka;80
Carolin;80
Milaja;80
Irmelin;80
Lotte;80
Mikantytär;80
Serafiia;79
Minka;79
Manuela;79
Eliisi;79
Erna;79
Amira;79
Yasmine;79
Rosa-Maria;79
Jenina;78
Lili;78
Eliise;78
Safira;78
Karen;78
Roosa-Maria;78
Vivi-Ann;78
Daniella;78
Elli-Noora;77
Anna-Kaarina;77
Klaara;77
Anne-Maarit;77
Klara;77
Suzanne;77
Gustava;77
Tyyni;77
Tuomikki;76
Tina;76
Silva;76
Anna-Lena;76
Irena;76
Elinor;75
Iitu;75
Saida;75
Ritva-Liisa;75
Betty;75
Margarethe;75
Abigail;74
Karoline;74
Helle;74
Jean;74
Elsie;74
Linh;74
Agda;74
Hannah;73
Annamaija;73
Maia;73
Britt-Mari;73
Maria-Liisa;72
Paloma;72
Cristiina;72
Vanilla;72
Amélie;72
Florence;72
Gudrun;72
Gun;72
Said;72
Angervo;72
Janet;72
Mandi;72
Adolfina;72
Farah;71
Aliisi;71
Aleksia;71
Kajsa;71
Enne;71
Henrica;71
Tessa;71
Etel;71
Tuuliina;71
Elliina;71
Mirette;70
Malla;70
Valvikki;70
Huong;70
Eija-Liisa;70
Constance;70
Aleksandrovna;70
Carla;69
Iia;69
Merete;69
Lia;69
Thao;68
Jannina;68
Agatha;68
Mari-Anna;68
Liliana;68
Adalia;68
Adeline;68
Marjaliisa;68
Mathilde;68
Marke;68
Kira;67
Anri;67
Kamomilla;67
Inge-Maj;67
Sissi;67
Caterina;67
Tinja;67
Ulpukka;67
Vanilja;67
Hong;66
Aleksantra;66
Frances;66
Auri;66
Denice;66
Pekantytär;66
Seelia;66
Trang;65
Beda;65
Justina;65
Suleima;65
Karla;65
Ulla-Britt;65
Jannica;64
Maijastiina;64
Liia;64
Greetta;64
Henniina;64
Gisela;64
Adela;64
Celeste;64
Tua;64
Nhi;64
Jennina;64
Eleanoora;64
Eloisa;63
Ninja;63
Sally;63
Soila;63
Manta;63
Hanna-Liisa;63
Marena;63
Yolanda;63
Vendela;63
Heléne;63
Vladimirovna;63
Seidi;62
Sikuriina;62
Päivyt;62
Ann-Maj;62
Arianna;62
Hanna-Mari;62
Suvi-Päivikki;62
Violet;61
Sarina;61
Priscilla;61
Eveline;61
Angel;61
Claire;61
Fia;61
Ismail;61
Raakkel;60
Susa;60
Kariina;60
Nadine;60
Tuyet;60
Samantha;60
Alexandria;60
Cristine;60
Rose-Maj;60
Julina;60
Ksenia;60
Henriina;60
Vivika;60
Catrine;60
Mae;60
Kathleen;60
Emili;59
Gurli;59
Sirja;59
Gabrielle;59
Sipriina;59
Jama;59
Neela;59
Kukka-Maria;59
Ros-Mari;59
Teea;58
Päivänsäde;58
Ha;58
Fiina;58
Göta;58
Elaine;58
Celine;58
Birkitta;58
Viktoriina;58
Tuisku;58
Miljaana;58
Tove;58
Vaula;58
Dagny;58
Maini;58
Angelique;58
Julietta;57
Arintytär;57
Renate;57
Arla;57
Casandra;57
Lan;57
Pirjo-Riitta;57
Maleena;57
Alexina;57
Asteri;57
Lara;57
Inez;56
Onnia;56
Noelle;56
Milma;56
Keiju;56
Cathrine;56
Maritza;56
Engla;56
Janni;55
Eliana;55
Mirja-Liisa;55
Marléne;55
Nita;55
Markontytär;55
Odette;55
Neelia;55
Aliise;55
Carmela;55
Eleonor;55
Jennica;55
Marinella;55
Janiina;55
Valentiina;55
Ann-Charlott;55
Ensi;55
Hannamari;55
Petrintytär;55
Edita;55
Liisa-Maria;55
Ia;54
Birgetta;54
Moa;54
Sofiia;54
Jeannette;54
Sonia;54
Katarine;54
Valerie;54
Anni-Maria;54
Kristella;54
Rosalina;54
Violetta;53
Aisha;53
Märtha;53
Mariatta;53
Anika;53
Minette;53
Nanette;53
Catrin;53
Del;53
Abdirashid;53
Karenina;53
Sorella;52
Ulla-Maj;52
Alisia;52
Tindra;52
Louna;52
Jeanne;52
Marta;52
Ariana;52
Tehilla;52
Elanor;52
Villiina;52
Santra;52
Gloria;52
Jussintytär;52
Gretel;52
Vivianne;52
Heinikki;52
Emmy;52
Keijukka;52
Sinna;52
Villentytär;52
Arlene;51
Jenita;51
Hélène;51
Nana;51
Eleena;51
Rigmor;51
Disa;51
Natali;51
Mirelle;51
Alyssa;51
Pieta;51
Nanni;51
Joan;50
Janine;50
Maaretta;50
Pelagia;50
Auni;50
Marjana;50
Nikita;50
Ariela;50
Mary-Ann;50
Margarete;50
Eleni;50
Vendla;50
Verona;50
Rut;50
Angeliina;50
Tähti;50
Ann-Katrin;50
Meliina;50
Anetta;49
Stefanie;49
Miranna;49
Sani;49
Malvina;49
Theodora;49
Nancy;49
Markareetta;49
Anna-Maaria;49
Elliida;49
Signhild;49
Vivia;48
Anina;48
Ying;48
Merituulia;48
Sirena;48
Luise;48
Thea;48
Agata;48
Eeva-Maija;48
Van;48
Melita;48
Markuntytär;48
Adelaide;48
Celia;48
Eeva-Leena;48
Ann-Britt;48
Anna-Marja;47
Milda;47
Ingemo;47
Maikki;47
Minh;47
Gun-Britt;47
Desireé;47
Henriksdotter;47
Raakkeli;47
Liv;46
Lise;46
Pihlaja;46
Maija-Riitta;46
Annaleena;46
Renata;46
Oma;46
Savannah;46
Ailakki;46
Arita;46
Miilia;46
Miila;45
Chatarina;45
Tarina;45
Tuutikki;45
Eedla;45
Franziska;45
Sivi;45
Aleksina;45
Sanna-Liisa;44
Ann-Lis;44
Jaakontytär;44
Joanne;44
Otteliaana;44
Madelein;44
Lauren;44
Paola;44
Zahra;44
Ann-Helen;44
Anneliina;44
Maryam;44
Yen;44
Elisi;44
Renée;44
María;44
Juudit;44
Eeva-Kaarina;44
Inge;44
Freja;43
Frideborg;43
Adèle;43
Aden;43
Miira;43
Crista;43
Daisy;43
Hymy;43
Muisto;43
Venny;43
Mildred;43
Alessa;43
Martiina;43
Mikaelsdotter;43
Heldine;43
Liselotte;43
Marilyn;42
Runa;42
Nette;42
Jemima;42
Ewa;42
Meritta;42
Ekaterina;42
Kateriina;42
Torborg;42
Désirée;42
Merina;42
Viktorina;42
Jacqueline;42
Brigitte;42
Maileena;42
Annmari;41
Abdirizak;41
Lauha;41
Nga;41
Taiga;41
Serina;41
Fredrica;41
Mirikli;41
Edna;41
Harrintytär;41
Madelaine;41
Daria;41
Thi;41
Abukar;41
Julianne;41
Arja-Liisa;41
Lilianna;41
Maret;41
Ylva;40
Vivan;40
Arnevi;40
Fransilia;40
Catalina;40
Vesantytär;40
Georgina;40
Liselott;40
Bashir;40
Nathalia;40
Kirsi-Maria;40
Solja;40
Leanna;40
Nenna;40
Ida-Sofia;40
Anuliina;40
Adella;40
Noomi;40
Adan;40
Pälvi;40
Anmari;40
Tupuna;40
Maren;40
Viviana;39
Teodora;39
Anna-Riitta;39
Merit;39
Tarita;39
Sanna-Maria;39
Zaida;39
Einikki;39
Terése;39
Mahamud;39
Neilikka;39
Simona;39
Pirjo-Liisa;39
Alfrida;39
Sirke;39
Rosalinda;39
Jannentytär;39
Deborah;39
Maritsa;39
Bodil;39
Elly;39
Hanni;39
Ailikki;39
Vy;39
Matilde;39
Eliza;39
Eileen;38
Margaretta;38
Marjorie;38
Annami;38
Kukkamaaria;38
Amalie;38
Renee;38
Vivianna;38
Wellamo;38
Christiane;38
Sanniina;38
Esteriina;38
Nadia;38
Andersdotter;38
Anna-Stina;38
Ilkantytär;38
Fransiska;38
Anjuska;37
Beatrix;37
Viia;37
Linne;37
Hille;37
Aino-Maija;37
Eerica;37
Ancela;37
June;37
Delila;37
Juanita;37
Linéa;37
Lise-Lotte;37
Minella;37
Tatiana;37
Johansdotter;37
Pomeliina;37
Ollintytär;37
Pricilla;37
Annariina;37
Eline;37
Mianna;37
Ancelika;36
Rauna;36
Elvina;36
Hilde;36
Larsdotter;36
Le;36
Valpu;36
Esantytär;36
Assi;36
Viktorovna;36
Hagar;36
Debora;36
Soraja;36
Amy;36
Maijaliisa;36
Jarna;36
Enneli;36
Hope;36
Daalia;36
Repekka;36
Kate;36
Erkintytär;36
Ristontytär;36
Karpalo;36
Ellinora;36
Mariikka;35
Tiitu;35
Ros-Marie;35
Emine;35
Anna-Stiina;35
Frederika;35
Penelope;35
Meiju;35
Ivanovna;35
Meerit;35
Melody;35
Alejandra;35
Airiina;35
Hilpi;35
Jamina;35
Dung;35
Maria-Leena;35
Svetlana;35
Apollonia;35
Elmiira;35
Mohammad;35
Sanna-Mari;35
Beada;35
Johanne;35
Chantal;35
Leonie;35
Celinda;35
Dora;35
Manteli;35
Samintytär;35
Halla;34
Sofiina;34
Alica;34
Nia;34
Greeta;34
Sievä;34
Safiira;34
Susana;34
Marcella;34
Jounintytär;34
Pulmu;34
Anna-Greta;34
Maaren;34
Hoa;34
Rae;34
Tania;34
Melida;34
Eleonore;34
Sadetta;34
Agnete;34
Eeva-Riitta;34
Ailiina;34
Nanny;34
Hanh;34
Lise-Lott;34
Andréa;34
Hang;34
Sarika;34
Ella-Maria;34
Leia;33
Loan;33
Nhu;33
Fransina;33
Marine;33
Izabella;33
Vineta;33
Lucina;33
Sharon;33
Eugenie;33
April;33
Sienna;33
Birgitte;33
Thelma;33
Abbas;33
Janessa;33
Ruska;33
Snöfrid;33
Beatriz;33
Tuomaantytär;33
Katri-Helena;33
Huyen;33
Tapiontytär;33
Tuike;33
Effia;33
Ilo;33
Emelina;33
Madeline;33
Manda;33
Anna-Karin;32
Margherita;32
Sulamit;32
Mari-Louise;32
Stefania;32
Omena;32
Elif;32
Aaria;32
Safia;32
Mi;32
Hinni;32
Anna-Kristiina;32
Aukusta;32
Ulla-Maria;32
Katjuska;32
Cia;32
Dorrit;32
Annemarie;32
Marjuska;32
Leontine;32
Maud;32
Oline;31
Dahir;31
Eva-Liisa;31
Thyra;31
Rosemarie;31
Gerd;31
Helfrid;31
Nikolaevna;31
Jennie;31
Jessiina;31
Ulfsdotter;31
Tilde;31
Sylva;31
Raija-Liisa;31
Cindy;31
Liana;31
Sara-Sofia;31
Tam;31
Corinne;31
Dawn;31
Tianna;31
Martintytär;31
Quynh;31
Hetti;31
Lulu;31
Paulette;31
Otteliana;31
Tuomontytär;31
Iman;30
Madleena;30
Ann-Maria;30
Sinella;30
Mustafa;30
Björnsdotter;30
Linnèa;30
Marget;30
Terontytär;30
Aksiina;30
Wiola;30
Priitta;30
Ellevi;30
Ling;30
Sanja;30
Nova;30
Toive;30
Karolin;30
Minttu-Maaria;30
Muru;29
Mahad;29
Carlotta;29
Nelma;29
Tiuku;29
Ragnborg;29
Maj-Gret;29
del;29
Chiara;29
Catariina;29
Melek;29
Matlena;29
Illuusia;29
Isolde;29
Melodia;29
Alfhilda;29
Kaari;29
Galina;29
Markitta;29
Iira;29
Pasintytär;29
Leigh;29
Larisa;29
Nikolajevna;29
Pia-Maria;29
Lola;29
Minna-Maria;29
Axelina;29
Flora;29
Annakaisa;29
Dana;29
Janiika;29
Josefia;29
Liida;29
Monique;29
Annaliina;29
Alexiina;29
Mariah;29
Artontytär;29
Helkky;29
Dahlia;29
Ama;29
Augustiina;28
Maare;28
Emina;28
Brigitta;28
Faith;28
Anatoljevna;28
Anett;28
Naemi;28
Lin;28
De;28
Rashid;28
Lisen;28
Ragni;28
Eeva-Stiina;28
Yasemin;28
Ani;28
Adelé;28
Jessina;28
Naimi;28
Wambui;28
Mariza;28
Niia;28
Mary-Anne;28
Suleiman;28
Salad;28
Tiia-Maria;28
Meryem;28
Jansdotter;28
Lien;28
Martine;28
Jurjevna;28
Yasmina;28
Dina;28
Kiara;27
Kotivalo;27
Agafia;27
Kaija-Liisa;27
Jamal;27
Mimi;27
Marlén;27
Ea;27
Priita;27
Unikko;27
Blondine;27
Petersdotter;27
Nhung;27
Scarlett;27
Sole;27
Kimmontytär;27
Adaliina;27
Aniela;27
Kay;27
Neonilla;27
Geraldine;27
Lucy;27
Annemi;27
Gunlög;27
Helmi-Maria;27
Laurintytär;27
Kristiine;27
Ann-Catrin;27
Sirpa-Liisa;27
Adeleine;27
Telma;27
Lavinia;27
Mina;27
Anne-Maija;27
Eerin;27
Kesäheinä;27
Madelen;27
Hilve;27
Auvikki;27
Reea;27
Ainu;27
Franciska;27
Tyra;27
Suvi-Maaria;26
Arja-Leena;26
Retriika;26
Ludmila;26
Donna;26
Metsätähti;26
Evy;26
Ly;26
Bertha;26
Kuu;26
Miili;26
Berta;26
Minttu-Maria;26
Nguyet;26
Viviann;26
Abdul;26
Elenor;26
Tommintytär;26
Indira;26
Emilla;26
Aureelia;26
Vivica;26
Ngan;26
Hanna-Kaisa;26
Fernanda;26
Janetta;26
Varvara;26
Anne-May;26
Bich;26
Otteljaana;26
Bent;26
Janintytär;26
Abdullah;26
Freya;26
Junia;26
Teemuntytär;26
Tulikki;26
Laine;26
Eerontytär;26
Mirabella;26
Dalia;26
Joyce;26
Helmina;26
Mia-Maria;26
Rosanne;26
Marleene;26
Anna-Helena;26
Vasiljevna;25
Abdifatah;25
Merette;25
Sidonia;25
Adam;25
Diane;25
Wiktoria;25
Majvor;25
Verena;25
Michele;25
Katharine;25
Erikka;25
Helly;25
Marjale;25
Rosemary;25
Wilhelmine;25
Valentine;25
Margitha;25
Roberta;25
Jarmontytär;25
Mahmoud;25
Carol;25
Savanna;25
Lumilla;25
Wanjiru;25
Arwen;25
Mai-Lis;25
Iida-Sofia;25
Elizabet;25
Kesia;25
Tinka;25
Faisal;25
Ninette;25
Lounatuuli;25
Emmaliina;25
Juni;25
Biritta;25
Musse;25
Athena;25
Jessi;25
Vivien;25
Hoang;25
Tiiu;25
Athene;25
Maxine;25
Sätene;25
Maura;24
Aleksa;24
Akintytär;24
Sigbritt;24
Anna-Katariina;24
Xuan;24
Miona;24
Alexis;24
Iiri;24
Mariko;24
Syrilla;24
Elli-Maria;24
Lumimarja;24
Irén;24
Audrey;24
Carelia;24
Sargit;24
Damaris;24
Hannaleena;24
Merikukka;24
Lolita;24
Isse;24
Anilla;24
Kaste-Helmi;24
Markuksentytär;24
Tutteli;24
Eevaliisa;24
Sivia;24
Hermine;24
Varma;24
Eloni;24
Adelle;24
Kristen;24
Aniina;24
Ariella;24
Wanjiku;24
Anna-Emilia;24
Elviina;24
Mihailovna;24
Elsbeth;24
Friida;24
Sannukka;24
Sannamari;24
Alfiina;24
Adelein;24
Leah;24
Cecilie;24
Milli;24
Soraya;24
Minda;24
Anna-Elina;23
Aster;23
Marleen;23
Sina;23
Uni;23
Henny;23
Eea;23
Zoe;23
Hasan;23
Jarkontytär;23
Peppilotta;23
Ana;23
Aslög;23
Sohvia;23
Anna-Riikka;23
Hippu;23
Iren;23
Beate;23
Lynne;23
Taikatuuli;23
Hetastiina;23
Aretta;23
Annimari;23
Vi;23
Kariitta;23
Leone;23
Leonoora;23
Sini-Tuulia;23
Anastaasia;23
Christiana;23
Elene;23
Margret;23
Yee;23
Catharine;23
Vivienne;23
Kirsten;23
Satu-Maarit;23
Darling;23
Fatma;23
Sharif;23
Pii;23
Leonore;23
Lusiina;23
Salama;23
Solina;23
Tessaliina;23
Siro;22
Wanda;22
Ihana;22
Marcela;22
Emiliina;22
Gun-Lis;22
Garita;22
Mustikka;22
Susannah;22
Tii;22
Maarja;22
Nicoletta;22
Philippa;22
Salman;22
Sol-Britt;22
Briita;22
Eimi;22
Sallamari;22
Vienna;22
Svanhild;22
Borisovna;22
Ivanova;22
Market;22
Satu-Maaria;22
Abdulle;22
Marusja;22
Petrina;22
Violeta;22
Abdikarin;22
Trinh;22
Eulalia;22
Hanna-Maija;22
Crystal;22
Marike;22
Truc;22
Amilia;22
Suzan;22
Etti;22
Anisa;22
Diem;22
Kuutar;22
Ruby;22
Kumari;22
Mahdi;22
Arianne;22
Eevamaria;22
Thérèse;22
Akviliina;22
Eva-Stina;22
Mirjaana;22
Petrovna;22
Anniliina;22
Marje;22
Suvi-Maria;22
Catherina;22
Taisia;22
Liidia;22
Liban;22
Chi;22
Malva;22
Liza;22
Mona-Lisa;22
Natascha;22
Helea;22
Lotta-Maria;22
Esikko;21
Retriikka;21
Jyrkintytär;21
An;21
Leni;21
Aziz;21
Milia;21
Airikki;21
Delia;21
Kaariina;21
Mansikka;21
Enja;21
Päivätär;21
Hannelore;21
Alison;21
Francisca;21
Janice;21
Maretta;21
Kelly;21
Maurintytär;21
Tanya;21
Sepontytär;21
Hennariikka;21
Kata;21
Odelia;21
Awa;21
Kieu;21
Lisa-Maria;21
Satu-Maria;21
Yan;21
Kasmira;21
Hien;21
Henna-Riikka;21
Aleksandria;21
Kathrine;21
Jaanika;21
Tilma;21
Louice;21
Birit;21
Farina;21
Juulianna;21
Annabelle;21
Fay;21
Adanna;21
Angeli;21
Matsdotter;21
Ciara;21
Aliida;20
Eloise;20
Gunn-Britt;20
Cilla;20
Tomintytär;20
Alba;20
Opri;20
Joseph;20
Madonna;20
Anya;20
Oivi;20
Tanita;20
Nicolette;20
Catrina;20
Iona;20
Kathrin;20
Aicha;20
Rhea;20
Adine;20
Mariliina;20
Norma;20
Marijaana;20
Kaisli;20
Juhontytär;20
Khalid;20
Anne-Marja;20
Ranghild;20
Mariet;20
Valvatti;20
Thomasdotter;20
Han;20
Jalmiina;20
Sävy;20
Camila;20
Anissa;20
Milla-Maria;20
Solbritt;20
Salah;20
Eelia;20
Dorita;20
Jekateriina;20
Noor;20
Jana;20
Helin;20
Minessa;20
Maree;20
Arabella;20
Hannamaria;20
Miitta;20
Oanh;20
Tonintytär;20
Anaïs;20
Cam;20
Tarjaana;20
Jenika;20
Liisu;20
Saritta;20
Chelsea;20
Marjeli;20
Mária;20
Janella;20
Ellie;20
Paavontytär;20
Njeri;20
Sera;20
Sorja;20
Bao;20
Stefansdotter;20
Fuad;20
Josetta;20
Linda-Maria;20
Aino-Liisa;20
Sanna-Maija;20
Zara;20
Anja-Liisa;20
Jarita;20
Urpu;20
Marella;20
Nour;20
Wairimu;20
Niini;20
Ahmad;20
Fredriksdotter;20
Melise;20
Ameliina;20
Elektra;20
Ariane;20
Emilija;19
Hele;19
Tien;19
Idamaria;19
Ingemaj;19
Robertsdotter;19
Shannon;19
Avilla;19
Miretta;19
Risten;19
Alberta;19
Maryanne;19
Paulikki;19
Elfrida;19
Petriikka;19
Adelea;19
Khanh;19
Salla-Maaria;19
Gisella;19
Unni;19
Tuuli-Maria;19
Almiina;19
Eliida;19
Eskontytär;19
Görel;19
Abdillahi;19
Kiana;19
Magda;19
Terttuli;19
Tulikukka;19
Adelie;19
Amadea;19
Eliisabeth;19
Khaled;19
Else-May;19
Hua;19
Taava;19
Ingvor;19
Aylin;19
Jonasdotter;19
Chau;19
Esperanza;19
Laura-Maria;19
Theres;19
Alfa;19
Anabel;19
Edina;19
Mitra;19
Abdikadir;19
Ernestine;19
Alena;19
Tia-Maria;19
Amber;19
Dorothy;19
Ai;19
Hamid;19
Leyla;19
Simontytär;19
Sinaida;19
Ariadne;19
Ifeoma;19
Helpi;19
Miikantytär;19
Natasia;19
Liisukka;19
Evena;19
Berfin;19
Eda;19
Merikki;19
Secilia;19
Helina;19
Lis;19
Sabriina;18
Suvituulia;18
Wera;18
Marjaterttu;18
Senia;18
Hilla-Maria;18
Mairit;18
Ania;18
Christiansdotter;18
Salla-Mari;18
Eeva-Marja;18
Mariija;18
Malina;18
Anastasija;18
Anne-Charlotte;18
Raquel;18
Nikola;18
Adonika;18
Eva-Lisa;18
Artemis;18
Malou;18
Lianna;18
Viva;18
Giovanna;18
Inga-Lis;18
Khalif;18
Anni-Maj;18
Aronia;18
Talvi;18
Gun-Maj;18
Antonella;18
Malika;18
Olofsdotter;18
Kimsdotter;18
Tahiti;18
Emmanuelle;18
Aurea;18
de;18
Hilkka-Liisa;18
Rosmariini;18
Camille;18
Sakura;18
Abdirisak;18
Eedith;18
Sariina;18
Quyen;18
Jamila;18
Miia-Maria;18
Ashley;18
Kylli;18
Minéa;18
Dao;18
Dilara;18
Noelia;18
Henrita;18
Otilia;18
Yvette;18
Liila;18
Joséphine;18
Enniina;18
Effi;18
Katherina;18
Kaisa-Maria;18
Saranda;18
Amelié;18
Lorraine;18
India;18
Jarnontytär;18
Roosa-Maaria;18
Heidi-Maria;18
Valo;18
Gustaava;18
Noona;18
Jolie;18
Hue;18
Sallamaari;18
Pavlovna;18
Hazel;18
Eunice;18
Una;17
Annalisa;17
Salla-Maria;17
Claudine;17
Antoniina;17
Regiina;17
Annmarie;17
Kathryn;17
Nicoline;17
Valpori;17
Fatou;17
Eva-Marie;17
Maribel;17
Merihelmi;17
Magnusdotter;17
Auriina;17
Lisa-Marie;17
Hedwig;17
Annimaria;17
Aadolfiina;17
Joana;17
Mariama;17
Darja;17
Ann-Nina;17
Toussainte;17
Katia;17
Elleni;17
Markareeta;17
Tiffany;17
Lizette;17
Lill;17
Inge-Britt;17
Josette;17
Ulrike;17
Annabell;17
Cristin;17
Ona;17
Anriikka;17
Juhanintytär;17
Lucie;17
Helianna;17
Tiiti;17
Phung;17
Adrienne;17
Abed;17
Exenia;17
Karlotta;17
Meri-Helmi;17
Milla-Maaria;17
Katalin;17
Malaika;17
Sheikh;17
Tuomi;17
Ainomaria;17
Desideria;17
Skye;17
Rosario;17
Sol;17
Manna;17
Isobel;17
Jasmi;17
Britt-Louise;17
Gitta;17
Juli;17
Silla;17
Madicken;17
Merilla;17
Militsa;17
Sunneva;17
Clare;17
Anne-Marita;17
Chanel;17
Lumianna;16
Marié;16
Anna-Marie;16
Aino-Sofia;16
Mariantytär;16
Tomasdotter;16
Ninna;16
Gun-Marie;16
Magnhild;16
Teressa;16
Justine;16
Maj-Brit;16
Elvia;16
Pirre;16
Jannike;16
Mumin;16
Halina;16
Leonidovna;16
Meira;16
Fu;16
Christal;16
Elinda;16
Heleni;16
Ilaria;16
Meriel;16
Mesimarja;16
Muhumed;16
Piretta;16
Pellava;16
Georgia;16
Aninka;16
Asad;16
Soma;16
Abdisalam;16
Dominique;16
Liliane;16
Khadar;16
Eeva-Kaisa;16
Abd;16
Yang;16
Evastiina;16
Mariell;16
Maarikka;16
Tran;16
Fei;16
Kirstiina;16
Oliwia;16
Saad;16
Elsa-Maria;16
Mohamoud;16
Agnieszka;16
Kaisi;16
Pilar;16
Sallima;16
Allida;16
Safina;16
Josephina;16
Allegra;16
Anna-Maarit;16
Puolukka;16
Heline;16
Rose-May;16
Maijeli;16
Cajsa;16
Eriksdotter;16
Irène;16
Abdirisaq;16
Leena-Maija;16
Kiti;16
Abdiasis;16
Nilsdotter;16
Minna-Liisa;16
Alia;16
Sirius;16
Elmina;16
Janitta;16
Susette;16
Freija;16
Oilikki;16
Kulta;16
Ming;16
Suvikki;16
Gunbritt;16
Aminda;16
Gabriele;16
Amilda;16
Faye;16
Karissa;16
Railikki;15
Amrita;15
Atieno;15
Torhild;15
Cara;15
Leandra;15
Ping;15
Lorena;15
Molly;15
Anselika;15
Walborg;15
Vicktoria;15
Dolly;15
Agnetha;15
Solange;15
Soledad;15
Karima;15
Mikaeela;15
Laulikki;15
Viviane;15
Enya;15
Sonya;15
Anni-Sofia;15
Inessa;15
Apila;15
Decire;15
Carolyn;15
Alexandrine;15
Jasmiin;15
Lyylia;15
Kaintytär;15
Hai;15
Sergeevna;15
Wictoria;15
Anna-Bella;15
Sue;15
Leinikki;15
Agneetta;15
Henriitta;15
Yu;15
Belle;15
Brianna;15
Eevaleena;15
Irja-Liisa;15
Senobia;15
Eela;15
Lumituuli;15
Gunveig;15
Giang;15
Iro;15
Lumihelmi;15
Zofia;15
Mar;15
Maareta;15
Nilla;15
Kristiana;15
Omelia;15
Yael;15
Fransilja;15
Mereta;15
Minne;15
Su;15
Auruura;15
Anerva;15
Anne-Mai;15
Duyen;15
Ljubov;15
Rosamaria;15
Augustina;15
Mertta;15
Heliä;15
Onnea;15
Sirje;15
Lida;15
Jormantytär;15
Shire;15
Zinaida;15
Adnan;15
Cariina;15
Irené;15
Muse;15
Sisko-Liisa;15
Chloe;15
Maissi;15
Jael;15
Ann-Katrine;15
Pertintytär;15
Natacha;15
Heilimä;15
Jing;15
Mai-Britt;15
Kersti;15
Peppi-Lotta;15
Rania;15
Alekseevna;15
Jaber;15
Silpa;15
Hedda;15
Josefiia;15
Kaija-Leena;15
Sini-Maaria;15
Pi;15
Ada-Maria;15
Edvina;15
Teres;15
Lilla;15
Aria;15
Iselin;15
Abdiaziz;15
Kitty;15
Ngozi;15
Caitlin;15
Henrikka;15
Leena-Maria;15
Love;15
Tepontytär;15
Mildrid;14
Aksa;14
Elizaveta;14
Persdotter;14
Ann-Sophie;14
Noella;14
Åkesdotter;14
Venus;14
Muhamed;14
Etta;14
Isella;14
Nelia;14
Rinna;14
Lusina;14
Joosefiina;14
Marinna;14
Adelheid;14
Elfiina;14
Eili;14
Katleena;14
Marisanna;14
Edda;14
Marcelle;14
Hani;14
Håkansdotter;14
Ing-Mari;14
Viivia;14
Mukhtar;14
Hintriikka;14
Heléna;14
Raini;14
Ellimaria;14
Evangeline;14
Piatta;14
Raunontytär;14
Amandine;14
Aino-Kaisa;14
Wenla;14
Anna-Reetta;14
Nyambura;14
Sibel;14
Milea;14
Sävele;14
Salma;14
Bernadette;14
Terésa;14
Xin;14
Margrethe;14
Katarzyna;14
Kallentytär;14
Mili;14
Riitu;14
Agneeta;14
Ellanoora;14
Anselmiina;14
Kaisa-Liisa;14
Raina;14
Sanna-Kaisa;14
Emilii;14
Abdinasir;14
Ellan;14
Anais;14
Pettiina;14
Tuyen;14
Beatta;14
Kristian;14
Ringa;14
Anjatta;14
Hashi;14
Babette;14
Hendrika;14
Soja;14
Jarlsdotter;14
Titania;14
Adelei;14
Anne-Liisa;14
Reetriikka;14
Akveliina;14
Lise-Maj;14
Athina;14
Inge-May;14
Majbritt;14
Rani;14
Myrsky;14
Devi;14
Julanda;14
Roxana;14
Tytteli;14
Sarai;14
Jill;14
Leanne;14
Jo;14
Levina;14
Synnevi;14
Chioma;14
Aisla;14
Zohra;14
Inka-Maria;14
Päiviö;14
Adil;14
Saeed;14
Catriona;14
Dieu;14
Thien;14
Margerita;14
Rolfsdotter;14
Abshir;14
Suzanna;14
Irmgard;14
Kassandra;14
Helleni;14
Sini-Maria;14
Emmelie;14
Lene;14
Synnove;14
Aileen;14
Valencia;14
Saranna;14
Rosiina;14
Marjariitta;14
Jenifer;13
Kirsimarja;13
Princess;13
Sylvie;13
Tabita;13
Marintytär;13
Gunlis;13
Mireille;13
Iina-Maria;13
Gia;13
Sergejevna;13
Leonna;13
Vesta;13
Da;13
Haji;13
Aralia;13
Khadija;13
Heili;13
Mairi;13
Lis-Marie;13
Anna-Katriina;13
Jenica;13
Gun-Viol;13
Hansdotter;13
Anttoniina;13
Alda;13
Lam;13
Liivia;13
Minttumaaria;13
Tähkä;13
Eeva-Kristiina;13
Liljaana;13
Olive;13
Ruusunnuppu;13
Krystyna;13
Cécile;13
Alesia;13
Amine;13
Dea;13
Juhanantytär;13
Saria;13
Sinervo;13
Anttuuna;13
Nina-Maria;13
Shanti;13
Sinituuli;13
Annelise;13
Chloé;13
Harriette;13
Florentina;13
Kiuru;13
Maruzella;13
Josefa;13
Zainab;13
Amaliina;13
Isela;13
Laure;13
Ambrosia;13
Irma-Liisa;13
Serafima;13
Prisilla;13
Gullevi;13
Mailikki;13
Sarafina;13
Marcusdotter;13
Sunniva;13
Tyyra;13
Reine;13
Aleksejevna;13
Mikaella;13
Muusa;13
Piitu;13
Aniara;13
Abdikarim;13
Kevät;13
Jin;13
Yun;13
Mariska;13
Maria-Helena;13
Rina;13
Francine;13
Jetta;13
Lille-Mor;13
Tapanintytär;13
Henrintytär;13
Lourdes;13
Inga-Maria;13
La;13
Sherif;13
Alexandrovna;13
Eulaalia;13
Madison;13
Maininki;13
Annuka;13
Min;13
Adel;13
Sabah;13
Amal;13
Maliina;13
Rihanna;13
Riikka-Liisa;13
Elsiina;13
Hashim;13
Pipariina;13
Tiana;13
Sibylla;13
Akua;13
Cathrin;13
Muhiadin;13
Louis;13
Konstantia;13
Els-Maj;13
Beeda;13
Vanilia;13
Aalia;13
Minnie;13
Chiamaka;13
Ida-Marie;13
Charlene;13
Htoo;13
Natasja;13
Sira;13
Viona;13
Dmitrievna;13
Mella;13
Cristel;13
Senna;13
Enia;13
Raimontytär;13
Viviikka;13
Leticia;13
Menni;13
Loretta;13
Oliivia;13
Ayse;13
Natasa;13
Cynthia;13
Pirjo-Leena;12
Sinikukka;12
Terttu-Liisa;12
Lii;12
Raija-Leena;12
Cecile;12
Enrika;12
Ivana;12
Mirja-Leena;12
Eudokia;12
Margeta;12
Runo;12
Awil;12
Floora;12
Ulla-Stina;12
Aviva;12
Freyja;12
Anervo;12
Fransisca;12
M.;12
Sari-Anne;12
Anja-Riitta;12
Anne-Kristiina;12
Klarissa;12
Clary;12
Samuela;12
Akiliina;12
Hentriikka;12
Izabel;12
Sabiina;12
Marii;12
Melike;12
Miida;12
Violette;12
Matroona;12
Salih;12
Lilith;12
Anssintytär;12
Feodosia;12
Jadeliina;12
Kimberly;12
Taika-Tuulia;12
Agnia;12
Alette;12
Sky;12
Karitta;12
Nonna;12
Uyen;12
Sinivuokko;12
Valentinovna;12
Xiao;12
Iidamaria;12
Annasofia;12
Hermiina;12
Marisol;12
Pioni;12
Mesi;12
Caramia;12
Hanne-Mari;12
Alana;12
Beth;12
Enne-Liisa;12
Adile;12
Corinna;12
Zeinab;12
Leslie;12
Gladys;12
Kristal;12
Melian;12
Pelagea;12
Heather;12
Tu;12
Zeynep;12
Arlette;12
Liilia;12
Ann-Catrine;12
Kaiho;12
Riitta-Leena;12
Ivy;12
Man;12
Luciana;12
Annetta;12
Essiina;12
Maryann;12
Wendy;12
Henna-Maria;12
Muthoni;12
Peggy;12
Aivi;12
Merja-Liisa;12
Aana;12
Elwira;12
Mariika;12
Khalil;12
Rosmari;12
Marja-Helena;12
Habib;12
Kaste;12
Eléna;12
Hatice;12
Enrica;12
Paris;12
Akseliina;12
Mindi;12
Helky;12
Lo;12
Saara-Maria;12
Vibeke;12
Christianne;12
Maija-Stiina;12
Aula;12
Ingebritt;12
Karine;12
Ranja;12
Engeliina;12
Arleena;12
Jarmila;12
Liise;12
Ela;12
Line;12
Sissel;12
Tatja;12
Gunda;12
Kristianna;12
Aleyna;12
Daniel;12
Karela;12
Birgitt;12
Familia;12
Lumo;12
Annea;12
Jenni-Maria;12
Anna-Kristina;12
Mafalda;12
Serenella;12
Tuulianna;12
Elisia;12
Gaia;12
Céline;12
Immi;12
Majlen;12
Osmontytär;12
Nuur;12
Riitta-Maija;12
Aimée;12
Kamal;12
Renja;12
Minnami;12
Ann-Caroline;11
Layla;11
Katie;11
Sulotar;11
Atlanta;11
Sarri;11
Stigsdotter;11
Adette;11
Inga-Maj;11
Meerika;11
Kuura;11
Bahar;11
Béatrice;11
Danuta;11
Ann-Louis;11
Evastina;11
Elita;11
Jia;11
Ragna;11
Liliann;11
Marghita;11
Sisko-Maria;11
Christie;11
Emiina;11
Adelin;11
Käthe;11
Mirigli;11
Tilla;11
Annuska;11
Paju;11
Silvana;11
Jeminna;11
Mohamad;11
Niklasdotter;11
Annamaaria;11
Anneke;11
Auringonkukka;11
Guldine;11
Vanja;11
Jelina;11
Ottiliana;11
Bigga;11
Gundel;11
Patriicia;11
Aamutähti;11
Arma;11
Irini;11
Maxima;11
Anwar;11
Mari-Jaana;11
Myriam;11
Almida;11
Maj-Gun;11
Poppy;11
Joukontytär;11
Kasandra;11
Michela;11
Borghild;11
Deniz;11
Markusdotter;11
Rosie;11
Wei;11
Iraida;11
Adrianna;11
Wangui;11
Viljaana;11
Yin;11
Oihonna;11
Tita;11
Päivä;11
Wivi;11
Zenita;11
Sara-Maria;11
Immikki;11
Meredith;11
Anna-Karoliina;11
Galadriel;11
Irkka;11
Lumi-Kukka;11
Sinitta;11
Nikolina;11
Carissa;11
Leelia;11
Polina;11
Walpuri;11
Merili;11
Olegovna;11
Salina;11
Kamila;11
Karliina;11
Meh;11
Novalie;11
Yasin;11
Adora;11
Andeliina;11
Ninetta;11
Maurita;11
Tawfik;11
Esra;11
Luminka;11
Ireena;11
Reijontytär;11
Alisi;11
Merethe;11
Vasiliki;11
Ananda;11
Omenankukka;11
Ulla-Riitta;11
Chen;11
Danielsdotter;11
Metta;11
Samia;11
Axa;11
Ann-Kristine;11
Ritva-Leena;11
Thuong;11
Pirta;11
Sahal;11
Elvine;11
Meriem;11
Samir;11
Althea;11
Luminea;11
Sanni-Maria;11
Catriina;11
Lova;11
Oksana;11
Isatou;11
Silmu;11
Blessing;11
Mabel;11
Minna-Maaria;11
Nadezda;11
Vega;11
Annel;11
Astra;11
Lumi-Maria;11
Severina;11
Ullrika;11
Anisia;11
Mikael;11
Lassentytär;11
Tora;11
Eliane;11
Fanniina;11
Fen;11
Luiza;11
Aada-Maria;11
Benedicta;11
Helny;11
Kasperiina;11
Medina;11
Selia;11
Idun;11
Elmira;11
Elona;11
Marja-Kaarina;11
Eva-Lotta;11
Dimitrova;11
Frieda;11
Ioana;11
Jenny-Maria;11
Huynh;11
Tutta;11
Bosdotter;11
Kustava;11
Lusia;11
Fakher;11
Kristiin;11
Rosa-Marie;11
Annariikka;11
Aunetta;11
Britt-Inger;11
Desiren;11
Be;11
Naz;11
Inga-Liisa;11
Grete;11
Luz;11
Morgan;11
Saleh;11
Weronica;11
Annentytär;11
Sania;11
Solweig;11
Anseliina;11
Clarisse;11
Beerit;10
Hanna-Maaria;10
Tova;10
Guadalupe;10
Ing-Britt;10
Kaarna;10
Muriel;10
Xiang;10
Vaapukka;10
Peter;10
Tertit;10
Alisha;10
Abdiweli;10
Emriikka;10
Alfina;10
Maris;10
Tilta;10
Suong;10
Vilda;10
Achieng;10
Waldine;10
Ulla-Maarit;10
Amin;10
Ashraf;10
Maritha;10
Michael;10
Aurore;10
Françoise;10
Aya;10
Izabelle;10
Sinja;10
Agape;10
Despina;10
Seita;10
Sadehelmi;10
Emmastiina;10
Nada;10
Emmeliina;10
Evangelia;10
Gunni;10
Edwina;10
Priya;10
Avena;10
Xiu;10
Jabbar;10
Marge;10
Aarika;10
Gull-Britt;10
Leonilla;10
Ismontytär;10
Yassin;10
Ann-Cathrine;10
Farhan;10
Nellie;10
Krisse;10
Patrizia;10
Desirè;10
Izabell;10
Katjana;10
Safiya;10
Tuuni;10
Emma-Sofia;10
Alwan;10
Joeliina;10
Ann-Sofia;10
Febe;10
Riikka-Maria;10
Vittoria;10
Naema;10
Alliina;10
Mohamuud;10
Milja-Maria;10
Evia;10
Anna-Mi;10
Tirlittan;10
Dimitra;10
Jeanine;10
Saleban;10
Haidar;10
Indiana;10
Kirsi-Maaria;10
Allison;10
Tuttu;10
Roosamaria;10
Seea;10
Rilla;10
Anet;10
Avelia;10
Cristal;10
Mui;10
Piparminttu;10
Zoja;10
Madeléne;10
Patrica;10
Anna-Reeta;10
Diep;10
Hentriika;10
Malgorzata;10
Meja;10
Grigorjevna;10
Sulina;10
Ting;10
Wendela;10
Daud;10
Eevantytär;10
Jamelia;10
Roosamari;10
Tuva;10
Vilpiina;10
Tyttö;10
Hannaliisa;10
Marie-Anne;10
Aleksanda;10
Ennika;10
Aveliina;10
Marle;10
Mushtak;10
Sini-Orvokki;10
Charlot;10
Hadi;10
Katri-Maria;10
Merja-Riitta;10
Octavia;10
Shirley;10
Elisabetta;10
Makreeta;10
Maria-Sofia;10
Päivintytär;10
Kathrina;10
Marjo-Leena;10
Marttina;10
Rosmarie;10
Awuor;10
Ksenja;10
Hildegund;10
Iida-Emilia;10
Mariisa;10
Suvi-Tuulikki;10
Wangari;10
Lei;10
Gül;10
Hilja-Maria;10
Sirin;10
Y;10
Aminata;10
Muhammed;10
Jonina;10
Mare;10
Wiveka;10
Evin;10
Laetitia;10
Pentintytär;10
Tho;10
Yrsa;10
Mirela;10
Mirana;10
Gennadjevna;10
Astrea;10
Sävel;10
Abdulahi;10
Anki;10
Hilda-Maria;10
Nguyen;10
Noemi;10
Nan;10
Alecia;10
Oosa;10
Rikuntytär;10
Colette;10
Eeti;10
Göransdotter;10
Hennika;10
Mårtensdotter;10
Aarla;10
Aino-Elina;10
Aurelie;10
Birita;10
Sheila;10
Salvia;10
Othilia;10
Askontytär;10
Cordelia;10
Fiinu;10
Marjoriitta;10
Milina;10
Bile;10
Lolan;10
Katjusha;10
Rose-Mari;10
Valonia;10
Arina;10
Emila;10
Felicity;10
Ancelina;10
Vaulikki;10
Jessie;10
Nataliina;10
Petranella;10
Domna;10
Lis-Mari;10
Krispina;10
Nitta;10
Rosalin;10
Abdulrahman;10
Helleka;10
Saralia;10
Amie;10
Anima;10
Chatrine;10
Marida;10
Nasti;10
Meliida;10
Mirkku;10
Aile;10
Eirene;10
Elva;10
Jadwiga;10
Katina;10
Leija;10
Milada;10
Tram;10
Adjoa;10
